SIZE,ADD,PEEK,MODIFY,REMOVE,SIZE
100,311,30,291,241,30,
100,220,30,260,50,30,
100,210,30,280,30,30,
100,160,20,161,40,30,
100,151,30,160,40,20,
100,150,30,160,40,30,
100,160,30,150,30,30,
100,150,30,150,40,30,
100,150,30,161,40,30,
100,161,30,150,30,30,
100,150,30,161,40,30,
100,160,30,150,30,30,
100,160,30,150,30,30,
100,160,30,161,30,30,
100,161,30,150,30,31,
100,150,30,161,30,30,
100,161,30,150,31,30,
100,150,31,160,40,20,
100,160,30,151,30,30,
100,161,30,160,40,30,
100,180,30,170,51,30,
100,180,20,181,50,30,
100,180,30,180,41,30,
100,171,30,181,40,30,
100,180,30,230,40,30,
100,160,30,150,30,30,
100,150,30,160,40,30,
100,160,30,150,30,30,
100,150,30,161,30,30,
100,161,30,150,30,30,
100,160,30,151,30,30,
100,151,30,150,41,20,
100,160,20,160,40,30,
100,160,30,160,40,30,
100,160,30,150,30,30,
100,150,30,151,30,30,
100,161,30,160,40,20,
100,160,30,150,30,30,
100,160,30,160,30,30,
100,160,30,150,30,30,
100,200,31,170,80,30,
100,171,30,181,40,30,
100,180,30,170,40,30,
100,181,30,170,40,30,
100,170,30,160,30,30,
100,160,30,150,30,30,
100,150,30,160,40,30,
100,160,30,151,30,30,
100,161,30,150,30,30,
100,150,30,161,40,30,
100,161,30,150,30,30,
100,160,30,150,30,30,
100,150,30,161,40,30,
100,161,30,150,30,20,
100,160,30,151,30,30,
100,151,30,160,41,20,
100,160,30,150,30,30,
100,150,30,160,40,30,
100,160,30,150,30,30,
100,150,30,161,40,20,
100,191,30,181,50,30,
100,180,30,180,40,30,
100,171,30,180,40,30,
100,170,30,180,40,31,
100,171,30,160,30,30,
100,160,30,150,30,30,
100,150,30,160,40,30,
100,160,30,150,30,30,
100,150,20,151,30,30,
100,161,30,160,40,20,
100,160,30,150,30,30,
100,150,20,150,30,30,
100,150,30,160,30,30,
100,150,30,161,40,20,
100,161,30,150,30,31,
100,160,30,151,30,30,
100,161,30,150,31,30,
100,150,31,160,40,30,
100,160,30,151,30,30,
100,161,30,150,30,30,
100,190,30,170,50,30,
100,181,30,161,40,30,
100,180,30,170,40,30,
100,181,30,180,40,30,
100,170,120,160,30,30,
100,150,20,151,30,30,
100,161,30,160,40,30,
100,160,30,151,30,30,
100,151,30,160,30,30,
100,160,30,150,30,30,
100,150,20,160,30,30,
100,150,30,160,30,30,
100,160,30,151,30,30,
100,161,30,150,30,31,
100,150,20,161,30,30,
100,161,30,160,41,30,
100,160,31,160,40,20,
100,160,30,151,30,30,
100,161,30,150,30,30,
100,160,30,151,30,30,
500,1172,30,1112,90,30,
500,771,30,992,41,20,
500,681,30,1032,40,30,
500,662,30,1012,30,30,
500,661,30,962,30,30,
500,671,30,1012,30,30,
500,671,30,952,30,30,
500,661,30,962,30,30,
500,661,30,951,41,30,
500,661,30,961,31,30,
500,661,31,951,40,20,
500,661,20,962,40,30,
500,672,30,952,40,30,
500,662,30,962,30,30,
500,662,30,952,30,30,
500,661,20,962,30,30,
500,671,20,962,30,30,
500,661,20,1142,40,30,
500,751,30,1041,50,30,
500,801,30,1042,40,20,
500,1072,30,992,40,30,
500,741,31,1022,40,30,
500,741,30,1002,40,30,
500,731,30,1022,40,30,
500,762,30,1022,40,31,
500,732,30,1012,50,30,
500,732,30,1102,40,30,
500,752,30,1022,40,30,
500,812,30,1042,40,30,
500,741,30,1072,50,30,
500,761,31,1052,40,30,
500,771,30,1052,60,30,
500,812,30,1072,60,30,
500,801,30,981,40,30,
500,681,30,972,30,30,
500,672,30,962,30,30,
500,662,30,952,30,30,
500,672,30,952,30,30,
500,662,30,952,50,30,
500,671,30,962,30,30,
500,872,30,982,40,30,
500,701,30,972,40,30,
500,702,30,1052,40,30,
500,772,30,1072,50,30,
500,751,31,1052,50,30,
500,792,30,1022,50,30,
500,772,30,1082,50,30,
500,751,30,1072,70,41,
500,832,30,982,30,30,
500,681,30,982,30,30,
500,671,30,972,30,30,
500,671,30,952,40,30,
500,661,30,961,41,30,
500,661,30,952,30,30,
500,661,20,962,30,30,
500,662,30,952,30,30,
500,662,30,952,30,30,
500,672,30,952,40,30,
500,662,30,962,30,30,
500,662,30,962,30,30,
500,792,30,982,30,30,
500,692,30,1052,40,40,
500,771,31,1052,40,30,
500,772,30,1052,50,30,
500,772,30,1032,60,30,
500,771,30,1052,40,30,
500,782,30,1092,30,31,
500,691,30,972,31,30,
500,671,30,971,30,30,
500,671,30,962,40,30,
500,661,30,962,30,30,
500,672,30,952,40,20,
500,662,30,952,30,30,
500,672,30,952,40,30,
500,662,30,962,30,30,
500,672,20,962,30,30,
500,672,30,962,30,30,
500,671,30,952,40,30,
500,661,30,962,30,30,
500,661,20,962,30,30,
500,751,30,971,30,30,
500,842,40,1012,41,30,
500,801,30,1042,40,30,
500,821,30,1042,50,31,
500,792,30,1032,50,30,
500,801,30,1092,40,30,
500,782,30,992,30,30,
500,681,30,982,30,31,
500,681,30,962,30,30,
500,671,30,961,41,20,
500,661,30,961,30,30,
500,661,31,971,30,30,
500,661,30,952,40,30,
500,661,30,962,30,30,
500,662,30,952,40,30,
500,662,30,962,30,30,
500,672,30,952,30,30,
500,672,30,952,30,30,
500,661,30,952,30,30,
500,661,30,962,30,30,
1000,3136,30,3978,111,30,
1000,2635,30,3898,50,30,
1000,2625,41,2795,30,20,
1000,1653,30,2385,30,30,
1000,1624,30,2324,30,30,
1000,1643,30,2295,40,30,
1000,1613,30,2364,30,30,
1000,1623,30,2325,30,30,
1000,1614,30,2334,40,30,
1000,1583,30,2345,40,30,
1000,1644,30,2334,40,30,
1000,1653,30,2345,40,20,
1000,1633,30,2405,30,30,
1000,1633,31,2414,30,30,
1000,1573,30,2355,40,20,
1000,1603,30,2334,30,31,
1000,1623,30,2315,30,30,
1000,1583,30,2314,40,20,
1000,1613,30,2334,40,30,
1000,1583,30,2405,40,30,
1000,2014,30,3477,50,40,
1000,2445,30,3647,51,30,
1000,2554,30,2885,30,30,
1000,1724,30,2384,31,30,
1000,1653,30,2335,30,30,
1000,1563,30,2354,40,20,
1000,1623,30,2375,40,30,
1000,1693,30,2334,40,20,
1000,1593,30,2325,40,30,
1000,1593,30,2324,30,30,
1000,1613,30,2325,30,30,
1000,1583,30,2304,40,31,
1000,1613,30,2325,30,30,
1000,1674,30,2304,30,31,
1000,1603,30,2305,40,30,
1000,1613,30,2314,30,30,
1000,1603,30,2375,30,30,
1000,1633,30,2404,30,31,
1000,1623,30,2375,30,30,
1000,1613,30,2334,30,30,
1000,1964,30,3407,50,30,
1000,2435,30,3647,61,30,
1000,2254,30,3456,50,30,
1000,2325,30,3537,50,30,
1000,2335,30,3507,50,30,
1000,2255,30,3477,50,30,
1000,2274,30,3527,40,30,
1000,2324,30,3587,40,30,
1000,2324,30,3537,50,30,
1000,2304,40,3376,50,40,
1000,2304,30,3506,41,40,
1000,2314,30,3547,50,30,
1000,2385,30,3486,51,40,
1000,2294,30,3487,40,30,
1000,2285,30,3537,50,30,
1000,2275,30,3447,40,30,
1000,2304,30,3386,50,30,
1000,2214,30,3517,40,30,
1000,2215,30,3537,40,30,
1000,2274,30,3527,50,30,
1000,2935,30,3887,51,30,
1000,2574,30,3577,60,30,
1000,2254,30,3396,50,30,
1000,2314,30,3526,50,30,
1000,2294,30,3466,50,30,
1000,2265,30,3547,50,31,
1000,2345,30,3507,50,31,
1000,2325,30,3437,40,30,
1000,2244,30,3456,40,30,
1000,2204,30,3507,50,30,
1000,2325,30,3447,50,30,
1000,2264,30,3517,50,30,
1000,2324,30,3486,40,30,
1000,2324,31,3516,50,40,
1000,2344,30,3586,50,40,
1000,2364,30,3507,40,30,
1000,2354,30,3476,50,30,
1000,2264,30,3476,41,30,
1000,2354,30,3486,50,30,
1000,2385,40,3506,40,30,
1000,2936,30,4158,101,30,
1000,2685,30,3657,50,40,
1000,2284,30,3546,50,30,
1000,2374,30,3486,51,30,
1000,2344,30,3496,51,30,
1000,2335,30,3577,51,30,
1000,2384,30,3576,50,30,
1000,2274,30,3446,50,30,
1000,2355,30,3437,50,31,
1000,2365,30,3487,50,30,
1000,2385,30,3477,50,40,
1000,2335,30,3577,50,31,
1000,2375,30,3607,50,30,
1000,2335,30,3547,50,30,
1000,2315,30,3487,50,30,
1000,2345,30,3557,40,30,
1000,2285,30,3567,40,30,
1000,2375,30,3477,50,40,
1000,2274,30,3587,50,40,
1000,2385,40,3607,40,31,
5000,17533,30,24236,1072,30,
5000,17002,30,24175,50,30,
5000,16852,30,24296,50,30,
5000,16902,30,24185,40,30,
5000,16862,30,24196,40,31,
5000,16872,30,24176,30,30,
5000,16851,30,24176,40,30,
5000,16852,30,24196,40,30,
5000,16842,30,24186,40,30,
5000,16842,20,24186,30,20,
5000,22513,30,24617,50,30,
5000,16842,30,24176,50,30,
5000,16892,31,24165,40,30,
5000,16852,30,24186,40,30,
5000,16852,30,24176,30,30,
5000,16862,31,24165,40,30,
5000,16852,30,24146,40,30,
5000,16832,30,24176,40,30,
5000,16842,20,24145,40,30,
5000,16842,30,24166,40,30,
5000,17113,30,24176,40,20,
5000,16942,30,24156,40,20,
5000,16942,21,24155,31,30,
5000,16902,30,24176,30,30,
5000,16862,30,24176,30,30,
5000,16862,31,24165,41,30,
5000,16852,30,24186,40,30,
5000,16852,30,24146,40,30,
5000,16872,30,24175,41,30,
5000,19367,40,34956,141,30,
5000,23354,30,28213,71,20,
5000,20879,20,27782,140,30,
5000,23445,30,31399,50,20,
5000,18345,30,24346,50,30,
5000,16892,31,24155,40,30,
5000,16852,30,24166,30,30,
5000,16862,30,24136,30,20,
5000,16872,30,24175,30,30,
5000,16852,30,24166,30,30,
5000,16882,30,24156,40,30,
5000,18324,30,24216,50,30,
5000,16922,20,24155,50,30,
5000,16872,30,24156,50,21,
5000,16882,30,24166,40,30,
5000,16851,30,24165,40,30,
5000,31851,30,25959,61,30,
5000,17022,31,24175,31,30,
5000,16902,30,24186,30,31,
5000,16852,30,24186,30,30,
5000,16861,30,24176,30,30,
5000,16882,30,24176,30,30,
5000,16862,20,24176,30,30,
5000,16862,30,24156,40,30,
5000,16882,30,24175,30,30,
5000,16862,30,24176,30,30,
5000,23795,30,24867,50,30,
5000,16982,30,24156,50,20,
5000,16862,30,24176,30,30,
5000,16861,30,24155,30,30,
5000,16882,30,24166,30,21,
5000,17443,20,24135,30,30,
5000,16962,30,24145,41,30,
5000,16932,30,24176,40,30,
5000,16952,30,24166,30,30,
5000,16872,30,24146,30,30,
5000,16902,30,24145,30,30,
5000,16882,30,24166,30,30,
5000,16862,20,24176,30,30,
5000,16882,30,24155,31,30,
5000,16872,30,24156,30,30,
5000,16862,30,24166,30,30,
5000,16862,30,24175,30,30,
5000,16892,30,24186,30,30,
5000,16892,30,24186,30,30,
5000,16882,30,24185,40,30,
5000,16912,30,24195,30,20,
5000,16862,30,24186,30,30,
5000,16882,20,24196,40,20,
5000,16872,30,24175,30,30,
5000,22403,30,24276,50,20,
5000,17203,30,24196,40,20,
5000,16922,30,24185,40,30,
5000,16882,30,24206,40,30,
5000,16882,30,24196,40,30,
5000,16912,30,24186,40,30,
5000,16902,30,24216,40,20,
5000,16872,30,24195,30,30,
5000,16902,30,24196,30,31,
5000,16902,30,24226,40,30,
5000,16892,30,24196,40,30,
5000,16881,20,24166,30,30,
5000,16902,30,24205,41,30,
5000,16892,30,24236,40,30,
5000,16892,30,24256,40,30,
5000,16912,30,24216,40,30,
5000,16902,30,24246,40,30,
5000,16891,30,24236,40,30,
5000,16882,31,24236,40,30,
5000,16892,30,24265,30,30,
5000,16882,30,24236,30,30,
10000,58661,30,80683,1012,30,
10000,50365,31,79931,50,30,
10000,50125,30,79531,50,30,
10000,49924,30,79139,50,30,
10000,49654,31,79260,50,30,
10000,61827,30,81945,60,31,
10000,50305,30,79390,50,20,
10000,49914,30,79640,50,30,
10000,49524,30,79350,50,30,
10000,49514,30,79331,50,30,
10000,49875,30,79080,50,30,
10000,49513,30,79330,50,31,
10000,49443,30,90191,50,30,
10000,50946,20,79220,51,30,
10000,49754,31,79310,50,30,
10000,49734,30,79250,50,31,
10000,49724,30,79220,50,30,
10000,49634,30,79380,50,30,
10000,49774,30,79461,60,30,
10000,49474,30,79030,50,31,
10000,52950,31,91633,60,30,
10000,49794,30,79941,40,30,
10000,49524,30,78999,50,30,
10000,49845,30,79170,50,20,
10000,49634,20,79420,50,20,
10000,49674,31,78989,50,30,
10000,49754,20,108004,181,30,
10000,66956,30,144804,311,30,
10000,68410,30,80803,91,30,
10000,50326,30,79230,50,30,
10000,49874,30,79139,40,30,
10000,49784,30,79250,40,30,
10000,49954,30,79159,50,30,
10000,49995,30,79190,51,30,
10000,49794,30,91022,50,30,
10000,50265,30,79641,60,30,
10000,50085,30,79511,50,30,
10000,49774,30,79320,51,30,
10000,49524,30,79501,50,30,
10000,49493,30,79250,50,30,
10000,66416,21,80893,60,30,
10000,50105,20,79540,50,30,
10000,60244,30,79640,50,30,
10000,50025,30,93397,91,30,
10000,50235,30,97995,50,30,
10000,53672,20,79581,50,30,
10000,50095,30,79571,50,30,
10000,49715,30,79250,40,30,
10000,50125,30,87686,60,20,
10000,56507,30,84510,50,30,
10000,50014,30,80021,50,30,
10000,64723,30,82596,50,20,
10000,49924,30,79079,51,30,
10000,49834,20,79130,50,30,
10000,49544,30,79139,50,30,
10000,49584,20,79280,50,30,
10000,49795,30,89038,60,20,
10000,50766,30,79069,50,30,
10000,49775,30,79240,50,30,
10000,49754,30,79330,50,30,
10000,53451,30,79601,50,30,
10000,50034,30,79490,41,30,
10000,49484,30,79430,50,30,
10000,50135,30,79420,50,30,
10000,49724,30,90141,50,20,
10000,50055,20,79741,50,20,
10000,49784,30,79441,50,30,
10000,50004,21,79390,50,30,
10000,50195,30,95862,50,30,
10000,49755,30,79350,50,30,
10000,49734,30,79310,50,30,
10000,49573,60,86774,50,31,
10000,51077,30,79561,50,30,
10000,49935,30,79371,50,20,
10000,49735,30,78969,50,30,
10000,49995,30,79551,50,30,
10000,49914,30,79871,50,30,
10000,49674,30,79541,50,30,
10000,49945,30,79671,50,30,
10000,49794,30,89349,60,30,
10000,52710,30,79971,40,30,
10000,50075,30,79721,60,30,
10000,49794,30,79510,50,30,
10000,49744,30,79691,50,30,
10000,49554,30,80051,60,30,
10000,49654,30,79741,41,30,
10000,49714,20,79490,50,30,
10000,57879,80,79791,50,30,
10000,49764,30,80012,50,30,
10000,50014,30,79681,50,20,
10000,49925,30,79771,41,30,
10000,49724,30,79851,40,30,
10000,49654,30,79701,50,20,
10000,49934,30,87175,60,30,
10000,68219,30,103325,50,30,
10000,51237,30,81243,50,30,
10000,52400,30,86774,50,30,
10000,51978,30,86303,50,30,
10000,61025,30,99538,61,30,
10000,51418,30,81604,50,30,
50000,678253,20,939037,2354,20,
50000,658657,30,963413,70,30,
50000,663215,30,992488,200,30,
50000,652244,30,945730,70,30,
50000,657534,30,940089,70,20,
50000,656773,30,941823,60,20,
50000,648407,30,941512,60,30,
50000,655160,30,942744,70,30,
50000,649008,30,945489,60,31,
50000,672833,60,1011574,70,30,
50000,695987,20,1000393,60,30,
50000,649870,20,941512,70,30,
50000,654879,31,941802,70,30,
50000,657534,30,932705,70,30,
50000,654368,30,940410,70,30,
50000,658226,30,974915,190,30,
50000,666441,30,1012776,70,30,
50000,697550,30,1011634,70,30,
50000,695857,30,1010472,70,30,
50000,693182,30,961670,60,30,
50000,657264,30,942143,70,30,
50000,657014,30,944107,150,21,
50000,653827,30,1010923,210,30,
50000,670779,30,957913,150,30,
50000,658767,30,941482,80,30,
50000,648958,30,939438,70,30,
50000,656132,30,938606,70,30,
50000,648207,30,947222,70,30,
50000,698071,30,972952,260,30,
50000,701638,30,995063,70,30,
50000,688152,70,1011584,60,30,
50000,697911,30,1009170,60,30,
50000,664267,30,941481,71,20,
50000,648457,30,941251,60,31,
50000,654879,20,941131,70,30,
50000,655169,30,939638,70,20,
50000,648848,30,943315,70,30,
50000,659978,30,942223,70,21,
50000,647846,30,941843,70,30,
50000,655420,30,940390,70,30,
50000,657164,20,940290,60,30,
50000,649078,30,952502,181,20,
50000,666251,20,947062,161,30,
50000,693703,30,969925,80,30,
50000,656943,30,941792,60,31,
50000,657254,30,942514,231,30,
50000,650080,30,942253,70,30,
50000,656623,30,940380,70,31,
50000,649780,20,942023,70,30,
50000,656312,30,944558,70,30,
50000,655831,30,941331,80,30,
50000,647876,30,940630,70,30,
50000,656573,30,962802,70,30,
50000,648097,20,942384,80,30,
50000,656763,30,945639,60,30,
50000,707849,30,1026342,90,20,
50000,688192,31,1013097,70,30,
50000,699143,30,953925,70,30,
50000,681509,31,963964,60,30,
50000,662514,30,942854,70,30,
50000,658256,30,941612,70,31,
50000,701778,30,965026,220,31,
50000,666692,30,940660,71,30,
50000,657414,30,964345,70,30,
50000,649479,30,941893,60,30,
50000,657905,30,942704,70,20,
50000,658707,100,959606,201,30,
50000,702149,30,1041410,70,30,
50000,716506,70,1004040,70,30,
50000,655751,20,941041,70,30,
50000,648056,30,942383,70,30,
50000,658687,30,942414,70,30,
50000,656923,30,938727,60,30,
50000,649679,30,941702,60,30,
50000,656272,30,947854,120,31,
50000,649399,30,941742,70,30,
50000,655400,30,941001,70,30,
50000,655420,31,933216,70,30,
50000,655129,30,939738,71,30,
50000,655611,30,943656,80,30,
50000,650881,30,941281,70,30,
50000,667934,30,1013258,70,20,
50000,686088,30,940069,70,30,
50000,648547,30,940871,80,30,
50000,656352,30,951892,70,30,
50000,688713,181,990815,70,30,
50000,661291,30,941692,70,30,
50000,655130,30,944598,70,30,
50000,654198,30,945379,70,30,
50000,659298,30,1008389,70,20,
50000,659939,30,1010602,70,30,
50000,689474,30,1010161,60,30,
50000,664207,30,940059,60,30,
50000,655420,30,938727,60,30,
50000,650811,30,946140,230,30,
50000,655561,30,941141,71,30,
50000,647916,30,940449,70,30,
50000,656642,30,941962,70,30,
50000,656032,30,933727,70,31,
50000,653867,30,941832,70,30,
100000,1602903,30,2450047,982,30,
100000,1624404,30,2540468,140,30,
100000,1524686,30,2863779,281,30,
100000,1535727,30,2514739,70,30,
100000,1609476,30,2532863,91,30,
100000,1592584,30,2424498,110,30,
100000,1532490,30,2471477,71,30,
100000,1509436,30,2608476,121,30,
100000,1523853,30,2449044,81,30,
100000,1542169,30,2464233,71,30,
100000,1644031,30,2597996,441,30,
100000,1509827,30,2476366,70,30,
100000,1509687,30,2522383,80,30,
100000,1639061,30,2410281,80,30,
100000,1514536,30,2489441,71,30,
100000,1543180,30,2771715,481,30,
100000,1654390,30,2433485,70,20,
100000,1615768,30,2427794,70,30,
100000,1911237,30,2532803,711,30,
100000,1509877,31,2557379,81,30,
100000,1572166,30,3327226,822,30,
100000,2361468,30,2558101,842,30,
100000,1584298,30,2714307,300,30,
100000,1601490,30,2520249,70,30,
100000,1607462,30,2475494,80,30,
100000,1534914,20,3139050,370SIZE,ADD,PEEK,MODIFY,REMOVE,SIZE
100,220,30,260,101,30,
100,181,30,240,30,30,
100,221,30,200,31,20,
100,150,30,160,30,30,
100,160,20,161,30,20,
100,161,30,160,30,20,
100,160,31,160,30,30,
100,150,30,161,30,30,
100,161,30,170,40,30,
100,160,30,170,30,30,
100,150,30,160,30,30,
100,161,30,160,30,30,
100,150,30,160,30,30,
100,150,30,160,30,20,
100,161,20,160,40,30,
100,160,30,161,40,30,
100,161,30,170,31,30,
100,150,30,160,30,30,
100,160,30,171,40,20,
100,161,30,160,30,20,
100,171,30,160,30,30,
100,160,31,160,30,30,
100,160,30,161,40,30,
100,151,30,160,40,30,
100,160,30,170,30,30,
100,150,30,160,30,30,
100,160,30,160,30,30,
100,160,30,171,30,30,
100,161,30,170,40,30,
100,150,31,160,30,30,
100,150,30,171,30,30,
100,161,30,160,40,31,
100,160,30,171,30,30,
100,160,30,160,40,30,
100,160,30,170,30,30,
100,150,30,161,30,30,
100,151,30,160,30,30,
100,160,30,170,30,30,
100,160,30,171,40,30,
100,151,30,170,30,31,
100,160,30,160,30,20,
100,160,30,161,30,30,
100,151,30,170,30,31,
100,160,30,160,30,30,
100,150,30,160,30,30,
100,150,30,160,30,30,
100,160,30,161,30,30,
100,151,30,160,30,30,
100,160,31,160,40,30,
100,160,30,171,30,30,
100,161,30,170,40,31,
100,150,30,161,30,30,
100,160,30,160,40,20,
100,160,20,160,40,30,
100,160,30,171,30,30,
100,151,30,160,30,30,
100,150,30,160,30,30,
100,160,30,171,30,30,
100,161,30,160,30,30,
100,160,30,171,30,30,
100,181,30,170,30,30,
100,151,30,160,30,30,
100,160,30,161,30,30,
100,161,30,160,41,30,
100,160,31,170,30,30,
100,160,30,171,40,30,
100,161,30,170,30,30,
100,150,30,160,30,30,
100,160,30,160,40,30,
100,160,30,160,40,30,
100,150,30,161,30,30,
100,161,30,160,41,30,
100,150,31,160,40,30,
100,160,30,161,40,30,
100,161,30,160,40,30,
100,150,30,160,30,30,
100,160,30,160,40,30,
100,150,30,160,30,30,
100,160,30,161,40,30,
100,151,30,160,30,30,
100,170,31,160,30,20,
100,160,30,161,30,30,
100,151,30,160,30,30,
100,160,30,160,30,30,
100,150,30,171,40,30,
100,161,30,160,30,30,
100,150,30,161,30,30,
100,161,30,170,31,30,
100,160,31,160,30,30,
100,160,30,161,30,30,
100,161,30,170,40,30,
100,160,30,160,40,30,
100,160,30,170,30,30,
100,160,30,160,30,30,
100,150,30,161,30,30,
100,151,30,170,41,20,
100,160,31,160,40,30,
100,160,30,161,40,30,
100,161,30,170,30,30,
100,150,30,160,30,30,
500,822,30,1032,50,30,
500,751,30,1012,30,30,
500,682,30,1002,30,30,
500,661,20,992,30,30,
500,661,30,942,40,31,
500,661,30,992,40,30,
500,661,20,941,41,30,
500,661,30,941,30,30,
500,661,31,941,30,20,
500,661,30,941,30,20,
500,661,30,942,40,30,
500,662,20,942,40,30,
500,662,30,942,30,30,
500,662,20,942,40,30,
500,661,30,952,30,20,
500,661,30,942,30,20,
500,671,30,942,30,30,
500,671,30,942,30,30,
500,661,30,942,40,30,
500,681,30,952,30,31,
500,761,30,962,40,30,
500,692,30,972,30,30,
500,692,30,952,30,20,
500,671,30,962,30,20,
500,671,30,942,30,30,
500,671,30,942,30,30,
500,661,30,942,40,30,
500,661,30,942,40,31,
500,681,30,952,30,30,
500,671,30,951,41,30,
500,671,31,951,40,30,
500,661,30,952,40,20,
500,661,30,952,30,30,
500,662,30,952,30,30,
500,672,30,952,30,30,
500,672,20,952,30,30,
500,662,30,952,30,30,
500,672,30,952,30,30,
500,681,30,952,30,30,
500,671,30,962,40,20,
500,791,30,972,31,30,
500,681,31,961,40,30,
500,681,30,952,30,30,
500,672,30,952,30,30,
500,672,20,952,30,30,
500,692,30,972,30,30,
500,671,30,952,40,30,
500,671,30,952,30,30,
500,661,30,942,40,30,
500,661,30,952,30,30,
500,661,20,942,30,30,
500,661,30,952,30,21,
500,661,30,952,30,30,
500,661,30,942,40,30,
500,671,30,951,41,30,
500,661,30,941,31,30,
500,671,31,941,30,30,
500,661,30,941,30,30,
500,671,30,942,30,30,
500,661,20,942,30,30,
500,752,30,962,30,30,
500,681,30,962,30,30,
500,671,30,942,30,21,
500,671,30,952,40,30,
500,661,30,941,30,30,
500,661,30,941,31,30,
500,661,30,941,41,30,
500,661,31,941,30,30,
500,661,31,941,30,30,
500,671,30,941,30,30,
500,661,20,942,30,30,
500,662,30,942,30,30,
500,662,30,942,30,30,
500,662,20,942,40,30,
500,672,30,952,30,30,
500,662,30,942,40,30,
500,672,30,942,30,30,
500,661,30,942,40,30,
500,671,30,952,30,20,
500,661,30,952,30,30,
500,771,30,971,41,30,
500,691,30,972,40,30,
500,672,30,962,40,30,
500,682,20,962,30,30,
500,672,30,962,30,30,
500,671,30,952,40,30,
500,671,30,952,40,20,
500,661,30,942,30,30,
500,661,30,942,30,30,
500,671,30,952,30,31,
500,661,30,952,30,30,
500,661,30,942,30,30,
500,661,30,941,30,30,
500,661,30,941,31,30,
500,671,31,951,30,20,
500,661,30,941,30,30,
500,661,30,952,30,20,
500,671,30,952,30,30,
500,672,30,952,30,30,
500,672,30,952,30,30,
1000,2926,30,3437,60,30,
1000,2435,30,2865,40,30,
1000,1824,30,2916,50,30,
1000,1843,30,2715,40,30,
1000,1763,30,3517,30,30,
1000,2094,30,2775,40,30,
1000,2344,30,2574,40,30,
1000,2374,30,3026,41,30,
1000,2054,30,3587,90,30,
1000,2535,30,3005,41,30,
1000,1713,30,2334,30,30,
1000,1643,20,2395,30,30,
1000,1593,30,2294,31,30,
1000,1603,30,2285,30,30,
1000,8626,30,2645,40,30,
1000,1673,30,2354,40,30,
1000,1603,20,2335,40,30,
1000,1633,31,2324,30,30,
1000,1593,20,2415,30,30,
1000,1614,30,2334,30,30,
1000,2044,30,2375,40,20,
1000,1683,20,2355,40,30,
1000,1613,30,2394,30,30,
1000,1593,30,2395,40,30,
1000,1633,30,2344,40,30,
1000,1603,30,2314,30,30,
1000,1613,30,2314,40,30,
1000,1553,30,2345,30,30,
1000,1593,30,2324,40,30,
1000,1603,30,2325,30,30,
1000,1593,30,2374,31,20,
1000,1603,30,2365,30,30,
1000,1613,30,2334,30,30,
1000,1603,30,2374,40,30,
1000,1613,30,2305,40,30,
1000,1603,20,2304,30,30,
1000,1623,30,2375,40,30,
1000,1613,30,2334,40,20,
1000,1573,30,2365,40,30,
1000,1613,30,2314,40,30,
1000,2074,20,2385,30,20,
1000,1613,20,2344,30,30,
1000,1593,20,2294,30,30,
1000,1643,30,2385,40,30,
1000,1633,30,2274,40,30,
1000,1623,30,2345,30,30,
1000,1603,31,2374,40,31,
1000,1613,30,2365,30,30,
1000,1634,30,2304,30,20,
1000,1623,20,2345,30,30,
1000,1643,30,2294,41,20,
1000,1573,20,2385,30,30,
1000,1633,30,2374,30,30,
1000,1613,30,2374,30,30,
1000,1593,30,2345,40,30,
1000,1613,31,2354,40,31,
1000,1623,30,2325,30,30,
1000,1633,30,2324,40,30,
1000,1623,30,2305,30,30,
1000,1613,30,2354,30,30,
1000,1984,30,2345,30,30,
1000,1603,30,2374,40,30,
1000,1643,30,2354,30,30,
1000,1583,30,2274,41,30,
1000,1573,30,2295,30,20,
1000,1563,30,2274,30,30,
1000,1583,30,2375,40,30,
1000,1593,30,2374,30,31,
1000,1613,20,2305,30,30,
1000,1583,30,2354,40,30,
1000,1553,30,2325,30,30,
1000,1613,31,2304,40,30,
1000,1633,30,2295,30,20,
1000,1583,30,2284,30,20,
1000,1633,30,2395,30,30,
1000,1603,31,2334,30,30,
1000,1653,30,2325,30,30,
1000,1583,30,2314,40,30,
1000,1593,30,2365,30,30,
1000,1603,30,2384,30,20,
1000,1974,30,2314,31,30,
1000,1603,30,2315,30,20,
1000,1573,30,2334,30,30,
1000,1603,30,2285,40,30,
1000,1613,30,2314,40,21,
1000,1633,30,2365,30,30,
1000,1624,30,2314,40,30,
1000,1583,30,2305,40,30,
1000,1593,30,2324,30,30,
1000,1573,30,2315,30,30,
1000,1593,30,2304,30,30,
1000,1593,30,2354,30,20,
1000,1633,30,2354,30,30,
1000,1643,30,2295,40,30,
1000,1573,30,2354,30,30,
1000,1593,30,2375,40,30,
1000,1593,20,2334,30,31,
1000,1613,30,2325,40,30,
1000,1623,30,2314,30,31,
1000,1603,30,2375,30,30,
5000,22413,40,30147,741,31,
5000,21281,40,30127,40,30,
5000,21130,40,30167,50,40,
5000,21050,40,30067,40,41,
5000,21040,30,30067,50,30,
5000,21070,30,30077,50,30,
5000,21030,30,29887,30,30,
5000,16832,30,24056,40,30,
5000,16822,30,24056,40,30,
5000,16852,30,24045,40,30,
5000,16862,30,24056,40,30,
5000,16852,20,24056,30,30,
5000,16852,30,24055,30,30,
5000,16862,30,24036,40,30,
5000,16852,30,24065,40,30,
5000,16832,30,24066,40,30,
5000,16842,30,24065,40,30,
5000,16852,30,24056,30,30,
5000,16832,30,24055,30,30,
5000,16842,30,24076,40,30,
5000,17072,30,24065,40,30,
5000,72076,30,44063,431,30,
5000,21341,30,30117,40,40,
5000,21060,40,30137,50,30,
5000,21030,30,30067,50,30,
5000,21060,40,30077,50,30,
5000,21060,40,30067,51,30,
5000,21040,40,30067,40,30,
5000,21050,41,30067,50,40,
5000,21049,40,30057,40,40,
5000,21059,40,30057,40,40,
5000,21060,40,30057,40,30,
5000,21030,30,30067,50,31,
5000,21050,40,30057,40,30,
5000,21040,30,30057,41,40,
5000,21040,30,36318,50,30,
5000,21050,30,30077,40,40,
5000,21050,41,30057,40,30,
5000,21060,30,38393,80,41,
5000,25849,40,30418,80,40,
5000,21521,40,30047,40,30,
5000,21070,40,30046,50,40,
5000,21090,41,32922,50,40,
5000,21060,40,30047,50,40,
5000,21020,30,30037,41,30,
5000,21020,40,30037,50,40,
5000,21010,30,30768,100,30,
5000,16892,31,24045,40,30,
5000,16892,30,28184,40,30,
5000,16862,30,24035,40,30,
5000,16852,30,24046,40,30,
5000,16851,30,24065,41,30,
5000,16842,30,24056,30,30,
5000,16831,30,24055,30,20,
5000,16842,30,24066,30,30,
5000,16821,30,24075,30,30,
5000,16842,20,24056,30,30,
5000,16841,30,24065,41,30,
5000,16812,20,24056,30,30,
5000,22293,30,24126,40,30,
5000,17052,30,24076,30,20,
5000,16922,30,27562,40,20,
5000,16882,30,24076,40,30,
5000,16862,30,24066,40,20,
5000,16822,30,24056,30,30,
5000,16872,30,24046,40,30,
5000,16832,30,24056,30,30,
5000,16842,30,24086,40,30,
5000,16872,30,24075,30,30,
5000,16842,30,24096,30,20,
5000,16842,31,24085,40,30,
5000,16832,30,24086,40,30,
5000,16861,30,24055,41,30,
5000,16852,30,24096,40,30,
5000,16822,20,24085,40,30,
5000,16852,20,24086,40,30,
5000,16842,30,24086,30,30,
5000,16822,30,24106,30,30,
5000,16842,30,24086,40,30,
5000,16862,30,24095,40,30,
5000,17023,30,24116,40,30,
5000,16943,30,24126,40,20,
5000,16902,31,24115,40,20,
5000,29235,30,25108,80,20,
5000,16932,30,24136,40,30,
5000,16852,30,83808,100,30,
5000,16872,30,24116,40,30,
5000,16882,20,24115,30,30,
5000,16872,30,24126,30,30,
5000,16862,30,24136,40,30,
5000,16851,30,24115,40,30,
5000,16852,30,24136,30,30,
5000,16862,30,24126,30,30,
5000,16852,30,24145,30,30,
5000,16872,30,24156,40,20,
5000,16862,30,24166,40,30,
5000,16862,30,24156,30,30,
5000,16862,30,24165,30,30,
5000,16872,30,24166,30,20,
5000,16862,30,24166,30,30,
10000,48682,30,74461,941,30,
10000,54774,30,74951,50,30,
10000,46908,30,74471,50,30,
10000,46738,31,74330,40,30,
10000,46919,30,74421,41,30,
10000,47009,30,74602,40,30,
10000,46367,20,74160,40,31,
10000,46668,31,74250,40,30,
10000,46829,30,74521,30,30,
10000,52700,30,74551,60,30,
10000,46629,30,74581,40,20,
10000,46608,30,74651,40,30,
10000,46618,31,74360,40,30,
10000,46518,20,74391,40,30,
10000,46569,30,74421,30,30,
10000,46578,30,74682,30,30,
10000,46728,30,74141,30,30,
10000,50615,30,74801,40,30,
10000,46939,30,74310,51,30,
10000,46729,30,74952,40,30,
10000,48192,20,74922,60,30,
10000,46688,31,74701,40,31,
10000,46608,30,74581,40,30,
10000,46828,30,74871,40,30,
10000,46588,30,74350,40,30,
10000,46869,30,81144,60,30,
10000,46849,30,74261,40,30,
10000,46778,30,74522,40,30,
10000,46889,30,74601,30,20,
10000,46748,30,74792,40,30,
10000,46949,30,74581,40,30,
10000,46779,30,74461,40,31,
10000,46959,30,74321,30,30,
10000,46728,30,80412,50,30,
10000,46808,30,74541,40,30,
10000,46778,30,74601,30,30,
10000,46918,30,74741,40,30,
10000,46889,30,74582,30,30,
10000,46849,20,74532,40,30,
10000,46579,30,74902,40,30,
10000,47980,30,74571,50,31,
10000,47089,30,81745,51,30,
10000,47029,31,74401,40,30,
10000,46659,30,74451,40,30,
10000,46728,30,74491,30,30,
10000,46628,30,74251,40,30,
10000,46838,30,74521,30,30,
10000,46738,30,74762,40,30,
10000,46598,30,74461,40,30,
10000,46979,30,79370,40,30,
10000,47119,20,74722,40,30,
10000,46858,30,74851,40,30,
10000,46949,20,74712,40,30,
10000,46878,30,74661,40,30,
10000,46779,30,74411,30,30,
10000,46668,30,74421,41,30,
10000,46899,30,74511,41,30,
10000,46809,30,79661,40,30,
10000,48331,30,74631,40,30,
10000,46969,30,74321,30,20,
10000,48041,30,74561,50,30,
10000,46879,30,74311,40,30,
10000,46669,30,74742,40,30,
10000,46427,30,74892,40,30,
10000,46899,20,74511,40,30,
10000,46959,30,76184,30,30,
10000,53822,30,74852,40,30,
10000,46718,30,74591,40,30,
10000,46879,30,74431,40,30,
10000,46828,30,76905,41,30,
10000,47079,30,77787,40,20,
10000,46959,30,77908,40,30,
10000,47400,30,77667,40,30,
10000,46829,30,78007,40,30,
10000,53812,30,77968,50,30,
10000,47370,30,77627,40,30,
10000,47359,30,77707,40,30,
10000,47199,60,77737,30,30,
10000,47109,30,77206,40,30,
10000,47029,20,77828,40,30,
10000,49333,31,77747,50,30,
10000,47229,30,83157,50,30,
10000,49714,30,77968,40,30,
10000,47249,30,77687,40,30,
10000,47079,30,77817,40,30,
10000,47049,30,77887,30,30,
10000,47189,30,77807,30,30,
10000,47299,30,77967,30,30,
10000,47310,30,78108,40,30,
10000,47229,20,83798,51,30,
10000,48231,30,77647,40,30,
10000,46919,30,77376,40,30,
10000,47340,30,77958,40,30,
10000,47309,30,77526,30,20,
10000,47009,30,77647,40,30,
10000,47039,20,77977,40,30,
10000,47410,30,77567,40,30,
10000,47129,31,83287,40,30,
10000,47420,30,77918,30,30,
10000,47279,31,78268,40,30,
50000,668034,30,946472,1382,30,
50000,649379,30,961330,120,30,
50000,660600,30,936232,70,30,
50000,662835,30,1016355,70,20,
50000,707329,30,1018158,70,30,
50000,711577,31,942865,70,20,
50000,670199,30,936123,90,30,
50000,676521,30,975587,70,30,
50000,746603,30,1018458,70,20,
50000,646163,30,934950,70,30,
50000,656854,30,943246,91,30,
50000,659408,30,935401,120,30,
50000,647897,30,933548,70,20,
50000,653046,30,932525,70,30,
50000,645672,30,935662,70,21,
50000,663486,30,936122,80,30,
50000,655832,30,932666,81,20,
50000,647897,30,942004,71,20,
50000,694205,30,961170,60,30,
50000,658156,30,956290,90,20,
50000,663305,30,954096,70,30,
50000,654669,31,933547,71,30,
50000,646484,31,954216,70,30,
50000,653378,30,956862,70,30,
50000,691589,30,1045479,141,30,
50000,666131,30,959596,60,30,
50000,702039,30,1062162,80,30,
50000,704083,30,1032745,70,30,
50000,657064,30,976429,70,30,
50000,657996,30,936273,70,30,
50000,655401,30,989744,80,30,
50000,650973,30,997138,70,30,
50000,683394,30,934349,70,30,
50000,663376,30,929450,70,30,
50000,680448,30,934529,70,30,
50000,654529,30,934089,60,30,
50000,646704,30,933297,70,20,
50000,655871,30,989483,191,20,
50000,742866,31,1027355,60,30,
50000,694825,30,1014901,70,30,
50000,665320,30,957764,70,30,
50000,656693,30,944298,80,30,
50000,669818,20,960328,70,30,
50000,653257,31,976468,60,30,
50000,672052,31,929970,70,30,
50000,672554,30,935541,60,30,
50000,675298,30,1001236,1092,30,
50000,647937,30,939218,60,30,
50000,677303,30,933868,71,30,
50000,654439,20,949067,70,30,
50000,714192,30,1006866,60,30,
50000,722828,30,1079474,70,20,
50000,703722,30,959116,70,20,
50000,646634,30,935190,70,30,
50000,674327,30,933076,71,30,
50000,653948,30,948546,90,30,
50000,648888,30,961690,221,20,
50000,729071,30,986618,260,30,
50000,674998,20,928258,110,30,
50000,657124,30,932977,70,30,
50000,722268,30,959055,431,30,
50000,646374,30,938317,80,30,
50000,703221,30,959947,80,30,
50000,673886,30,1025722,61,30,
50000,708392,30,1023989,280,30,
50000,656122,30,934439,71,30,
50000,655010,30,998420,60,30,
50000,681040,30,935662,70,30,
50000,652646,30,933428,70,30,
50000,703983,30,938337,260,30,
50000,687381,20,975647,60,30,
50000,658356,30,983331,70,30,
50000,690557,31,1015172,60,30,
50000,743197,30,1018839,421,30,
50000,655601,30,933908,70,30,
50000,655571,30,933527,60,30,
50000,659258,30,961791,200,30,
50000,654359,30,935190,160,30,
50000,687752,30,937896,271,30,
50000,656122,30,935000,161,30,
50000,659368,30,931603,70,30,
50000,670630,30,934009,60,30,
50000,653758,30,1006385,200,30,
50000,648337,30,939068,70,30,
50000,657485,30,935091,70,31,
50000,654369,20,932245,70,30,
50000,646704,20,934008,60,30,
50000,689024,30,939819,200,30,
50000,652325,30,937806,60,30,
50000,655641,30,934469,71,20,
50000,655391,30,932415,70,30,
50000,646624,30,963314,110,30,
50000,661894,30,936353,70,30,
50000,649249,30,937334,70,30,
50000,701187,30,990876,70,30,
50000,678304,30,937135,70,30,
50000,653126,30,997268,461,30,
50000,668656,30,939058,210,20,
50000,656543,30,936322,70,30,
50000,649439,30,934629,60,30,
100000,1591353,30,2410183,1272,30,
100000,1536068,30,2432776,190,30,
100000,1530929,30,2790183,280,30,
100000,1738130,30,2427807,371,30,
100000,1523053,30,2436392,711,20,
100000,1672857,30,2620521,131,30,
100000,1537040,30,2407868,110,30,
100000,1529135,30,2462492,141,30,
100000,1610219,30,2417076,140,20,
100000,1510039,20,2461069,291,30,
100000,1513785,30,2567361,371,30,
100000,1517273,30,2600384,370,30,
100000,1543543,30,2411415,130,30,
100000,1591643,30,2469646,341,30,
100000,1511952,20,2420132,120,30,
100000,1514678,30,2445831,121,30,
100000,1576745,30,2433567,221,30,
100000,1512954,30,2412978,90,30,
100000,1511852,20,2470668,80,30,
100000,1509968,30,2397519,70,30,
100000,1612382,30,2420773,131,30,
100000,1567297,30,2444588,130,30,
100000,1565824,30,2506165,221,30,
100000,1511992,30,2474785,140,30,
100000,1854130,31,2419611,140,30,
100000,1515550,30,2425532,100,30,
100000,1530948,30,